Workbook
Name mattresscoveritem_display_width_unit_of_measure: '[1]Dropdown Lists'!$F$4:$F$18
Name requiredAttributePTDMap: [2]AttributePTDMAP!$A$1:$C$27

Sheet Sheet1
A1: 仓库 | B1: 备注-柜号 | C1: 品名 | D1: SKU | E1: FNSKU | F1: 原ASIN | G1: 发货套数 | H1: 套数/箱 | I1: 拣货数量 | J1: 个数/箱 | K1: 箱数 | L1: 箱规 | M1: 单箱体积 | N1: 单箱重量（kg） | O1: 总重 | P1: 总体积 | Q1: 派送仓库 | R1: FBA ID | S1: to
A2: 李若霜 | B2: XYLU8162600 拣出来贴箱唛发走 | C2: 毛巾棉12-15" King | D2: HBER004-K-12-15 | E2: X004NN5CEZ | F2: B004BACOYU | G2: 54 | H2: =VLOOKUP(D2,[3]SKU总表!$A:$M,13,0) -> 6 | I2: 54 | J2: 6 | K2: =G2/H2 -> 9 | L2: 61x32x34 | M2: 0.066368 | N2: 14 | O2: =K2*N2 -> 126 | P2: =M2*K2 -> 0.597312 | Q2: HLI2 | R2: FBA192J2QDZKU000015 | S2: FBA192J2QDZKU000023
A3: 李若霜 | B3: XYLU8162600 拣出来贴箱唛发走 | C3: 毛巾棉12-15" Queen | D3: HBER004-Q-12-15 | E3: X004NN5EG1 | F3: B004BAEFK6 | G3: 54 | H3: =VLOOKUP(D3,[3]SKU总表!$A:$M,13,0) -> 6 | I3: 54 | J3: 6 | K3: =G3/H3 -> 9 | L3: 61x32x34 | M3: 0.066368 | N3: 11.8 | O3: =K3*N3 -> 106.2 | P3: =M3*K3 -> 0.597312 | Q3: HLI2 | R3: FBA192J2QDZKU000033 | S3: FBA192J2QDZKU000041
A4: 李若霜 | B4: XYLU8162600 拣出来贴箱唛发走 | C4: 毛巾棉15-18" Queen | D4: HBER004-Q-15-18 | E4: X004NNTNGN | F4: B004BAEFWY | G4: 54 | H4: =VLOOKUP(D4,[3]SKU总表!$A:$M,13,0) -> 6 | I4: 54 | J4: 6 | K4: =G4/H4 -> 9 | L4: 61x32x34 | M4: 0.066368 | N4: 12.2 | O4: =K4*N4 -> 109.8 | P4: =M4*K4 -> 0.597312 | Q4: HLI2 | R4: FBA192J2QDZKU000042 | S4: FBA192J2QDZKU000050
A5: 李若霜 | B5: XYLU8162600 拣出来贴箱唛发走 | C5: 毛巾棉15-18" King | D5: HBER004-K-15-18 | E5: X004NNP1FP | F5: B004BA8WBE | G5: 54 | H5: =VLOOKUP(D5,[3]SKU总表!$A:$M,13,0) -> 6 | I5: 54 | J5: 6 | K5: =G5/H5 -> 9 | L5: 61x32x34 | M5: 0.066368 | N5: 14.6 | O5: =K5*N5 -> 131.4 | P5: =M5*K5 -> 0.597312 | Q5: HLI2 | R5: FBA192J2QDZKU000024 | S5: FBA192J2QDZKU000032
A6: 李若霜 | B6: XYLU8162600 拣出来贴箱唛发走 | C6: 毛巾棉12-15" Twin | D6: HBER004-T-12-15 | E6: X004NNKCLN | F6: B004VMYD92 | G6: 50 | H6: =VLOOKUP(D6,[3]SKU总表!$A:$M,13,0) -> 10 | I6: 50 | J6: 10 | K6: =G6/H6 -> 5 | L6: 57x30x36 | M6: 0.06156 | N6: 13.6 | O6: =K6*N6 -> 68 | P6: =M6*K6 -> 0.3078 | Q6: HLI2 | R6: FBA192J2QDZKU000051 | S6: FBA192J2QDZKU000055
A7: 李若霜 | B7: XYLU8162600 拣出来贴箱唛发走 | C7: 光面9"Queen | D7: HBER002-Q | E7: X004NE70WL | F7: B00C2TRA6Y | G7: 56 | H7: =VLOOKUP(D7,[3]SKU总表!$A:$M,13,0) -> 8 | I7: 56 | J7: 8 | K7: =G7/H7 -> 7 | L7: 57x30x36 | M7: 0.06156 | N7: 13.3 | O7: =K7*N7 -> 93.1 | P7: =M7*K7 -> 0.43092 | Q7: HLI2 | R7: FBA192J2QDZKU000001 | S7: FBA192J2QDZKU000007
A8: 李若霜 | B8: XYLU8162600 拣出来贴箱唛发走 | C8: 毛巾棉 6-9" Twin | D8: HBER004-T-6-9 | E8: X004NN5CEP | F8: B004BA8UWA | G8: 50 | H8: =VLOOKUP(D8,[3]SKU总表!$A:$M,13,0) -> 10 | I8: 50 | J8: 10 | K8: =G8/H8 -> 5 | L8: 57x30x36 | M8: 0.06156 | N8: 12.5 | O8: =K8*N8 -> 62.5 | P8: =M8*K8 -> 0.3078 | Q8: HLI2 | R8: FBA192J2QDZKU000056 | S8: FBA192J2QDZKU000060
A9: 李若霜 | B9: XYLU8162600 拣出来贴箱唛发走 | C9: 毛巾棉9-12" Full | D9: HBER004-F-9-12 | E9: X004NNLGEP | F9: B004BAB28O | G9: 56 | H9: =VLOOKUP(D9,[3]SKU总表!$A:$M,13,0) -> 8 | I9: 56 | J9: 8 | K9: =G9/H9 -> 7 | L9: 57x30x37 | M9: 0.06156 | N9: 13 | O9: =K9*N9 -> 91 | P9: =M9*K9 -> 0.43092 | Q9: HLI2 | R9: FBA192J2QDZKU000008 | S9: FBA192J2QDZKU000014
Q13: ok

Sheet Sheet2

Sheet Sheet3
